Model,Accuracy,Macro F1 Score
Logistic Regression,0.9057971014492754,0.9160256410256411
Random Forest,0.9981884057971014,0.9988380641943826
